{
  "categoryid": {
    "key": "x_com_ibm_ariel.category_id",
    "cybox": false
  },
  "username": {
    "key": "user-account.user_id"
  },
  "categoryname": {
    "key": "x_com_ibm_ariel.category_name",
    "cybox": false
  },
  "high_level_category_name": {
    "key": "x_com_ibm_ariel.high_level_category_name",
    "cybox": false
  },
  "high_level_category_id": {
    "key": "x_com_ibm_ariel.high_level_category_id",
    "cybox": false
  },
  "identityip": {
    "key": "x_com_ibm_ariel.identity_ip",
    "cybox": false
  },
  "identityhostname": {
    "key": "x_com_ibm_ariel.identity_host_name",
    "cybox": false
  },
  "qidname": {
    "key": "x_com_ibm_ariel.qid_name",
    "cybox": false
  },
  "destinationip": [
    {
      "key": "ipv4-addr.value",
      "object": "dst_ip"
    },
    {
      "key": "ipv6-addr.value",
      "object": "dst_ip"
    },
    {
      "key": "network-traffic.dst_ref",
      "object": "nt",
      "references": "dst_ip"
    }
  ],
  "eventcount": {
    "key": "number_observed",
    "cybox": false,
    "transformer": "ToInteger"
  },
  "starttime": {
    "key": "first_observed",
    "transformer": "EpochToTimestamp",
    "cybox": false
  },
  "endtime": {
    "key": "last_observed",
    "transformer": "EpochToTimestamp",
    "cybox": false
  },
  "logsourceid": {
    "key": "x_com_ibm_ariel.log_source_id",
    "cybox": false
  },
  "logsourcename": {
    "key": "x_com_ibm_ariel.log_source_name",
    "cybox": false
  },
  "logsourcetypename": {
    "key": "x_com_ibm_ariel.log_source_type_name",
    "cybox": false
  },
  "direction": {
    "key": "x_com_ibm_ariel.direction",
    "cybox": false
  },
  "magnitude": {
    "key": "x_com_ibm_ariel.magnitude",
    "cybox": false,
    "transformer": "ToInteger"
  },
  "sourceip": [
    {
      "key": "ipv4-addr.value",
      "object": "src_ip"
    },
    {
      "key": "ipv6-addr.value",
      "object": "src_ip"
    },
    {
      "key": "network-traffic.src_ref",
      "object": "nt",
      "references": "src_ip"
    }
  ],
  "sourcemac": [
    {
      "key": "mac-addr.value",
      "object": "src_mac"
    },
    {
      "key": "ipv4-addr.resolves_to_refs",
      "object": "src_ip",
      "references": "src_mac"
    },
    {
      "key": "ipv6-addr.resolves_to_refs",
      "object": "src_ip",
      "references": "src_mac"
    }
  ],
  "destinationmac": [
    {
      "key": "mac-addr.value",
      "object": "dst_mac"
    },
    {
      "key": "ipv4-addr.resolves_to_refs",
      "object": "dst_ip",
      "references": "dst_mac"
    },
    {
      "key": "ipv6-addr.resolves_to_refs",
      "object": "dst_ip",
      "references": "dst_mac"
    }
  ],
  "qid": {
    "key": "x_com_ibm_ariel.qid",
    "cybox": false
  },
  "url": {
    "key": "url.value"
  },
  "filename": {
    "key": "file.name",
    "object": "fl"
  },
  "sha256hash": {
    "key": "file.hashes.SHA-256",
    "object": "fl"
  },
  "sha1hash": {
    "key": "file.hashes.SHA-1",
    "object": "fl"
  },
  "md5hash": {
    "key": "file.hashes.MD5",
    "object": "fl"
  },
  "filehash": {
    "key": "file.hashes.UNKNOWN",
    "object": "fl"
  },
  "filesize": {
    "key": "file.size",
    "object": "fl"
  },
  "filepath": [
    {
      "key": "directory.path",
      "object": "dir"
    }
  ],
  "base64_payload": {
    "key": "artifact.payload_bin"
  },
  "destinationport": {
    "key": "network-traffic.dst_port",
    "object": "nt",
    "transformer": "ToInteger"
  },
  "sourceport": {
    "key": "network-traffic.src_port",
    "object": "nt",
    "transformer": "ToInteger"
  },
  "protocol": {
    "key": "network-traffic.protocols",
    "object": "nt",
    "transformer": "ToLowercaseArray"
  },
  "domainname": {
    "key": "domain-name.value",
    "transformer": "ToDomainName"
  }
}
